-- phpMyAdmin SQL Dump
-- version 5.0.1
-- https://www.phpmyadmin.net/
--
-- 主機： 127.0.0.1
-- 產生時間： 2020 年 06 月 04 日 13:33
-- 伺服器版本： 10.4.11-MariaDB
-- PHP 版本： 7.4.3

SET SQL_MODE = "NO_AUTO_VALUE_ON_ZERO";
SET AUTOCOMMIT = 0;
START TRANSACTION;
SET time_zone = "+00:00";


/*!40101 SET @OLD_CHARACTER_SET_CLIENT=@@CHARACTER_SET_CLIENT */;
/*!40101 SET @OLD_CHARACTER_SET_RESULTS=@@CHARACTER_SET_RESULTS */;
/*!40101 SET @OLD_COLLATION_CONNECTION=@@COLLATION_CONNECTION */;
/*!40101 SET NAMES utf8mb4 */;

--
-- 資料庫： `onlinelibrary`
--

-- --------------------------------------------------------

--
-- 資料表結構 `author_t`
--

CREATE TABLE `author_t` (
  `AID` varchar(5) NOT NULL COMMENT '作者編號',
  `Aname` char(20) NOT NULL COMMENT '作者姓名'
) ENGINE=InnoDB DEFAULT CHARSET=utf8;

--
-- 傾印資料表的資料 `author_t`
--

INSERT INTO `author_t` (`AID`, `Aname`) VALUES
('A01', '王薀'),
('A02', '說書人柳豫'),
('A03', '吳宜蓉'),
('A04', '王磊（講歷史的王老師）'),
('A05', 'Hans Rosling'),
('A06', '余杰'),
('A07', '吳銳'),
('A08', '楊照'),
('A09', '肥志'),
('A10', '不朽'),
('A11', '張曼娟'),
('A12', '陳文茜'),
('A13', '衣若芬'),
('A14', '笭菁'),
('A15', '宋怡慧'),
('A16', '吳姍儒'),
('A17', '三浦紫苑'),
('A18', 'David Cho'),
('A19', '旋元佑'),
('A20', ' Hackers Academia'),
('A21', '怪物講師教學團隊（台灣）'),
('A22', '林政翰'),
('A23', '洪鎮杰'),
('A24', '田中茂範'),
('A25', 'James Clear'),
('A26', 'Scott H. Young'),
('A27', '柴鼠兄弟'),
('A28', '謝文憲'),
('A29', '羅勃特‧T‧清崎'),
('A30', '葛蘭．薩巴帝爾'),
('A31', '張敏敏'),
('A32', '鄭雅慈'),
('A33', 'Michael LeBoeuf'),
('A34', '黑幼龍'),
('A35', 'ROBERT M. SAPOLSKY'),
('A36', 'Barbara Oakley'),
('A37', '西成活裕'),
('A38', '林文欣'),
('A39', '蔡宗翰'),
('A40', 'Sabina Radeva'),
('A41', '胖胖樹 王瑞閔'),
('A42', '游旨价'),
('A43', 'Mihaly Csikszentmiha'),
('A44', 'Ben Orlin'),
('A45', '洪錦魁'),
('A46', 'Bill Lubanovic'),
('A47', '石田保輝'),
('A48', '文淵閣工作室'),
('A49', '西內啟'),
('A50', '松上純一郎'),
('A51', 'Al Sweigart'),
('A52', '藤井直弥'),
('A53', 'Michel Desmarquet'),
('A54', '龍德嚴淨仁波切'),
('A55', 'Sue Tompkins'),
('A56', '琳．拉根'),
('A57', 'Zecharia Sitchin'),
('A58', 'Rajshree Patel'),
('A59', 'Carol Bolt'),
('A60', 'Vianna Stibal'),
('A61', 'Michael A. Singer');

-- --------------------------------------------------------

--
-- 資料表結構 `book_t`
--

CREATE TABLE `book_t` (
  `BID` varchar(15) NOT NULL COMMENT '書籍ISBN',
  `BName` varchar(20) NOT NULL COMMENT '書籍名稱',
  `Quantity` int(2) NOT NULL COMMENT '數量',
  `Intro` varchar(100) NOT NULL COMMENT '書籍簡介',
  `PublishDate` year(4) NOT NULL COMMENT '出版日期',
  `AID` varchar(5) NOT NULL COMMENT '作者編號',
  `TID` varchar(4) DEFAULT NULL COMMENT '譯者編號',
  `PID` varchar(3) NOT NULL COMMENT '出版社編號',
  `CID` varchar(3) NOT NULL COMMENT '分類編號'
) ENGINE=InnoDB DEFAULT CHARSET=utf8;

--
-- 傾印資料表的資料 `book_t`
--

INSERT INTO `book_t` (`BID`, `BName`, `Quantity`, `Intro`, `PublishDate`, `AID`, `TID`, `PID`, `CID`) VALUES
('4713375690283', '新制多益NEW TOEIC聽力／閱讀題庫', 20, '套書內容：《新制多益NEW TOEIC聽力題庫解析》、《新制多益NEW TOEIC閱讀題庫解析》從舊制跨越新制，永遠精準的多益模擬試題！', 2020, 'A20', 'T04', 'P17', 'C03'),
('4713375690375', '新制多益NEW TOEIC單字/閱讀/聽', 20, '套書內容：《新制多益 NEW TOEIC 單字大全》、《新制多益 NEW TOEIC 聽力題庫大全》、《新制多益 NEW TOEIC 閱讀題庫大全》', 2020, 'A18', 'T03', 'P17', 'C03'),
('4717702102739', '悉達多的花園──佛系熱帶植物誌：日常中的', 20, '第一本從植物學視角深入賞析80種佛典與傳說裡的花草眾相', 2020, 'A41', NULL, 'P32', 'C05'),
('9789573286127', '打火哥的30堂烈焰求生課：第一線熱血消防', 20, '家中失火，躲浴室就對了？樓下失火，往上跑為上策？遭遇濃煙，溼毛巾摀口鼻準沒錯？別讓迷思成為你命運的殺手！', 2020, 'A39', NULL, 'P25', 'C05'),
('9789573286301', '財務自由，提早過你真正想過的生活：楊應超', 20, '這本書，就是FIRE運動的行動手冊，作者全然無私分享自己的致富、投資、儲蓄策略', 2020, 'A30', 'T09', 'P25', 'C04'),
('9789573287391', '牠不在，但都懂：如何解讀離世寵物的靈魂訊', 20, '一本離世寵物溝通之書，也是一本給寵物家長的療癒之書。', 2020, 'A56', 'T24', 'P25', 'C07'),
('9789573335351', '所有溫柔都是你的隱喻【長河版書封】', 20, '人間不值得的時候，就讓自己值得；世界不夠溫柔的時候，就自己成為溫柔。', 2020, 'A10', NULL, 'P10', 'C02'),
('9789575325329', '旋元佑文法', 20, '英文大師 神級代表作《旋元佑文法》經典重現！', 2020, 'A19', NULL, 'P18', 'C03'),
('9789575325350', '旋元佑英文字彙（MP3免費線上下載）', 20, '神級字源分析，掌握受用一生的單字倍增力！托福、GRE、學士後醫、高普考等各大考試的通用學術字彙！', 2020, 'A19', NULL, 'P18', 'C03'),
('9789575325428', '旋元佑文法解題', 20, '打破學文法＝死背規則的迷思，　　一次解決所有疑惑，從此套用文法說、寫英文時更有自信！英文測驗也能立刻看破出題者所設的文法陷阱！', 2020, 'A19', NULL, 'P18', 'C03'),
('9789576580833', '解答之書：專屬於你的人生答案（柔紋皮面燙', 20, '改變百萬讀者的人生決定！一本比你還了解自己的書。', 2020, 'A59', 'T27', 'P14', 'C07'),
('9789576582929', '我的存在本來就值得青睞', 20, '「你的價值，不需要由任何人定義；你的存在，本來就值得你自己的青睞。」', 2020, 'A16', NULL, 'P14', 'C02'),
('9789578654570', '行為：暴力、競爭、利他，人類行為背後的生', 20, '這本書只有研究人類行為的世界級科學家薩伯斯基寫得出來，《行為》一書回答了人類最根本的問題：我們的行為從何而來？', 2019, 'A35', 'T11', 'P07', 'C05'),
('9789578787292', '想把餘生的溫柔都給你', 20, '每一篇的故事都代表著時間裡的我們，每一次經歷的事情都是人生的回味和倒帶，寫下的不只是感受，更多的是記錄，記錄那些好的日子和壞的日子是如何編織成歲月。', 2018, 'A10', NULL, 'P15', 'C02'),
('9789578787810', 'EXCEL最強商業實戰書：濃縮於一冊！任', 20, '濃縮於一冊！任何人都能立即活用於職場的知識。Excel的實踐技巧，是你一生的武器！', 2019, 'A52', 'T20', 'P15', 'C06'),
('9789579314565', 'OSSO～歐美近代史原來很有事', 20, '以一篇〈邀古人速解108新課綱〉轟動武林、驚動部長的吳宜蓉老師，透過生動風趣的文字、深入獨到的角度，為你重新解讀歐美近代史，從穿越時空最不能遇見的老公到拿破崙vs.笛卡兒的情書對抗賽，從美國歷史最偉大', 2020, 'A03', NULL, 'P03', 'C01'),
('9789579654791', '暗黑民國史：兩岸歷史課本刻意迴避的空白3', 20, '余杰指出，凡是「大家都這麼認為」的觀點（往往是歷史教科書造成），一定要多打個問號。你渴望自由，還是擁護獨裁？端看你閱讀和接受哪一種歷史。因此，他以此為志重新查證歷史，在世界各大圖書館閱讀許多第一手文獻', 2020, 'A06', NULL, 'P06', 'C01'),
('9789861343532', '我如何真確理解世界：漢斯．羅斯林的人生思', 20, '本書從漢斯．羅斯林兒時透過咖啡豆產地認識國家寫起，描述一名出身寒微的年輕人，藉由科學深入各個角落，重新詮釋這個世界。他隨時願意承認錯誤，接受相悖的觀點，一次又一次挑戰自己的既定想法，逐步克服偏見，形塑', 2020, 'A05', 'T01', 'P05', 'C01'),
('9789861754888', '覺醒的你：暢銷百萬，歐普拉的床頭靈修書 ', 20, '一本讓生命徹底質變的書。', 2020, 'A61', 'T29', 'P22', 'C07'),
('9789861755267', '原子習慣：細微改變帶來巨大成就的實證法則', 20, '可以重新踏上球場，後來也進入大學棒球隊，卻只能坐在板凳席，幾乎沒有上場機會。', 2020, 'A25', 'T06', 'P22', 'C04'),
('9789861755441', '生命力！解鎖人生密碼：當王牌律師遇見心靈', 20, '為什麼有些人日子過得馬馬虎虎，有些人卻能擁有成功的人生？那些人擁有巔峰表現與快樂的祕密是什麼？答案就是──充盈豐沛的生命力！', 2020, 'A58', 'T26', 'P22', 'C07'),
('9789861755533', '超速學習：我這樣做，一個月學會素描，一年', 20, '跟著學習之神，依循「超速學習」九大法則，短時間內學會任何你想學的，就算再難的技能，也不是難事！', 2020, 'A26', 'T07', 'P22', 'C04'),
('9789862356319', '演算法圖鑑：26種演算法 + 7種資料結', 20, '日本超人氣演算法學習書，逾50萬次下載量，「Apple年度最佳APP」書籍化！隨書附贈獨家贈品「圖形搜尋和排序圖解記憶表」', 2017, 'A47', 'T18', 'P35', 'C06'),
('9789862358313', '塗鴉學數學：以三角形打造城市、用骰子來理', 20, '火柴人×笑話×故事×紮實的基礎知識 →→ 將數學連結至人生各個角落！近400幅「爛插圖」，最不燒腦、笑中不帶淚，生動建構數學式思考系統！', 2020, 'A44', 'T16', 'P35', 'C05'),
('9789862487068', 'New TOEIC多益新制黃金團隊5回全', 20, '針對2018年多益新制推出的5回全真試題！\r\n試題形式完全比照，提供完整解析，問題點一看就會', 2020, 'A23', NULL, 'P20', 'C03'),
('9789863126140', '機器學習的數學基礎 : AI、深度學習打', 20, '所以必須徹頭徹尾弄懂 AI 技術裏面在做甚麼？才知道應該用什麼參數去試、用甚麼演算法去算……，想做出比別人更好的 AI，就必須自我蛻變，這一切的打底功夫就是「數學」。', 2020, 'A49', 'T19', 'P39', 'C06'),
('9789863447481', '古人原來這樣過日子：地表最強的66堂中國', 20, '本書作者是位中學歷史老師，歷史底蘊深厚不說，最難得的是擁有幽默的天賦把歷史講成一個又一個好笑的段子，用最日常的生活瑣事解答了你對古人生活的所有疑問，\r\n從衣食住行講到社會文化，覆蓋古人生活的各個方面。', 2020, 'A04', NULL, 'P04', 'C01'),
('9789863447535', '國學潮人誌，古人超有料——12位最強男神', 20, '那些被追捧的古人，在暨定的形象之下，還有哪些不同的姿態、不同的「潮」。十二位最潮的古人物、十二篇最潮的生命故事，有趣有料的潮閱讀', 2020, 'A15', NULL, 'P04', 'C02'),
('9789863477310', '精通 Python：運用簡單的套件進行現', 20, '《精通 Python》是一本容易理解也很有趣的書，非常適合程式設計初學者以及剛要開始學習這個語言的讀者。', 2015, 'A46', 'T17', 'P37', 'C06'),
('9789863594475', '大腦喜歡這樣學：先認識自己的大腦，找到正', 20, '重新訓練你的大腦，看見你自己如何思考，你一定能把數理學好。你不是沒有天分，你只是不知道如何學習！', 2020, 'A36', 'T12', 'P28', 'C05'),
('9789863615460', '富爸爸，窮爸爸（20週年紀念版） Ric', 20, '《富爸爸，窮爸爸》是21世紀最偉大的理財書，想要擺脫窮、忙、困人生，你真的不能不讀！', 2020, 'A29', 'T08', 'P24', 'C04'),
('9789863618515', '矽谷阿雅 追不到夢想就創一個！從台灣記者', 20, '拓荒者的世界是自己創造出來的！勇闖矽谷頂尖公司心法＋寫出完勝履歷攻略', 2020, 'A32', NULL, 'P24', 'C04'),
('9789863812173', '量子力學與混沌理論的人生十二堂課', 20, '我是誰、我從哪裡來、要到哪裡去？生命意義與宇宙真相的三大終極問題，盡在量子力學及混沌理論之中。', 2020, 'A38', NULL, 'P30', 'C05'),
('9789863844068', '如果歷史是一群喵(4)：東漢末年篇【萌貓', 20, '可愛到滿地打滾，期待到碗都敲破！歷史喵們恃萌行兇，空降全台書店排行榜，要在亂世三國中狙擊飯心', 2020, 'A09', NULL, 'P09', 'C01'),
('9789863844129', '如果歷史是一群喵(5)：亂世三國篇【萌貓', 20, '可愛到滿地打滾，期待到碗都敲破！歷史喵們恃萌行兇，空降全台書店排行榜，要在亂世三國中狙擊飯心', 2020, 'A09', NULL, 'P09', 'C01'),
('9789863873402', '史記的讀法：司馬遷的歷史世界', 20, '楊照讀《史記》，永不過時的千古之書；解譯司馬遷不可思議的精密心靈；穿透兩千年時空的普世價值；彌補天命之不平，叩問權力本質，洞悉抉擇關鍵點。', 2020, 'A08', NULL, 'P08', 'C01'),
('9789864540563', '新制多益 NEW TOEIC 單字大全：', 20, '十年淬鍊，百萬考生唯一推薦的新制多益單字書！不管題型如何變化，持續更新內容，準確度最高！', 2020, 'A18', 'T03', 'P17', 'C03'),
('9789864762729', 'Python 自動化的樂趣：搞定重複瑣碎', 20, '您不需要有什麼程式設計的經驗，在這本書中能學到運用Python寫出程式，幫您在幾分鐘內搞定平常以人工手動處理需要花費數小時的工作。一旦掌握了程式設計的基礎知識，就能輕鬆使用Python編寫程式，把自動', 2016, 'A51', 'T21', 'P38', 'C06'),
('9789864778317', '如何創造全世界最好的工作', 20, '網路時代，知識工作者運用「LEWIS 五大原則」創造出全世界最好的工作', 2020, 'A28', NULL, 'P23', 'C04'),
('9789864793778', '我輩中人：寫給中年人的情書', 20, '人到中年，常發覺有許多的延宕：那些要做的事、該說的話；想愛的人，都被延宕了……已經來到下半場的我們，怎能不好好彌補？', 2018, 'A11', NULL, 'P11', 'C02'),
('9789864799374', '以我之名：寫給獨一無二的自己', 20, ' 23篇情意真摯的散文，寫給瞻望中年的你、擁抱中年的你、中年徬徨的你、承擔責任的你、照顧之路的你，以及每一個獨一無二的你。', 2020, 'A11', NULL, 'P11', 'C02'),
('9789864799718', '生物變變變：達爾文的物種起源\r\nON T', 20, '從不可思議的美麗插畫開始，重新認識不朽的經典─達爾文的《物種起源》。', 2020, 'A40', 'T14', 'P31', 'C05'),
('9789865021016', 'Python初學特訓班(第三版)：從快速', 20, '蟬聯網路書店暢銷排行榜超過100週的Python學習新經典！超過萬名讀者見證與近100位老師滿意的Python書籍。榮登各大通路電腦暢銷書/海外指名授權圖書', 2019, 'A48', NULL, 'P38', 'C06'),
('9789865024048', '翻倍效率工作術：不會就太可惜的Excel', 20, '【Excel+Power BI最佳暢銷經典】 用1張圖，說1000字！大數據商業數字解讀不再是難事！ ', 2020, 'A48', NULL, 'P38', 'C06'),
('9789865024284', 'Python自學聖經：從程式素人到開發強', 20, '一本帶你入行！　　系統化分章，全面跨入Python程式開發殿堂！涵蓋語法入門，橫跨各大熱門技術與軟硬整合實戰應用。', 2020, 'A48', NULL, 'P38', 'C06'),
('9789865071103', '跟著柴鼠學FQ，做自己的提款機：為投資理', 20, '投資理財超人氣Youtuber柴鼠兄弟，擅長將難懂的理財術語化繁為簡，讓你把FQ化為一技之長，不靠勞力，提早財務自主！', 2020, 'A27', NULL, 'P22', 'C04'),
('9789865071257', '你的人生難關，三國都發生過！：說書人用2', 20, '說書人柳豫曾在PTT寫了篇「史上最強8+9劉備」引發討論，他借古喻今，用現代的觀點來解讀歷史原文，寫出不同以往的三國魅力與觀點，獲得鄉民和粉絲的廣大迴響。在本書中，他用有趣的文字，帶我們｢穿越｣到三國', 2020, 'A02', NULL, 'P02', 'C01'),
('9789865100629', 'PowerPoint必勝簡報 原則154', 20, '4大步驟，釐清並設定目的。12大流程，製作邏輯縝密的簡報。3大重點，打造精準說服力', 2020, 'A50', 'T20', 'P15', 'C06'),
('9789865501143', 'Excel 入門到完整學習 邁向最強職場', 20, '本書主要觀念除了說明各功能用法，更強調解說Excel 功能的內涵與精神。', 2020, 'A45', NULL, 'P36', 'C06'),
('9789865519025', ' OGSM打造高敏捷團隊：OKR做不到的', 20, '超過1千位的經理人，也用OGS。一張表做為全企業的溝通語言，高效達成目標！', 2020, 'A31', NULL, 'P26', 'C04'),
('9789865524128', '你不可能是漢族：百年民族魔咒大破解', 20, '本書試圖挑戰這個想像，「漢族」實在是一個只有一百多年歷史的建構，是出於「排滿」的需要而建構的魔咒，「中華民族」、「華夏正統」也不外如是。深入歷史考察，便會發現「漢族」和漢代的關係非常薄弱，更和秦漢之前', 2020, 'A07', NULL, 'P07', 'C01'),
('9789866220333', '真希望國中數學這樣教：暢銷20萬冊！6天', 20, '專為不擅長數學的你所設計的數學書，自學、教學、個人指導都好用！應用數學專家帶你了解原理，6天不僅能學完3年國中數學，更能鍛鍊出天天都用得到的邏輯力、思考耐力！', 2020, 'A37', 'T13', 'P29', 'C05'),
('9789866595264', '當代占星研究 The Contempor', 20, '本書為你開啟神秘的星象密碼，像一面宇宙的鏡子，讓我們看清楚自己的存在。', 2020, 'A55', 'T23', 'P42', 'C07'),
('9789867778949', '賺錢，也賺幸福：讓你累積財富、享受人生的', 20, '財經暢銷作家麥可．勒巴夫教你：既能賺飽錢，也能過上理想人生的祕密：全世界最簡單的「勒巴夫定律」', 2020, 'A33', 'T10', 'P26', 'C04'),
('9789869372145', '全新制怪物講師教學團隊的TOEIC多益5', 20, '本書由「怪物講師暨新多益滿分王」林政翰老師撰寫，專考多益滿分的「怪物講師教學團隊」審定！100％全新試題！', 2020, 'A22', NULL, 'P19', 'C03'),
('9789869503716', '第12個天體：地球編年史第一部 The ', 20, '超越《上帝的指紋》，精通楔形文字的撒迦利亞‧西琴博士，以《聖經》故事與蘇美文化、巴比倫泥板的古老文獻提出無可爭辯的文獻證據：關於地球的起源和人類來自外星的祖先。', 2020, 'A57', 'T25', 'P43', 'C07'),
('9789869603355', '超圖解 秒懂英文法：核心概念全圖解，一眼', 20, '打破學文法＝死背規則的迷思，　　一次解決所有疑惑，從此套用文法說、寫英文時更有自信！英文測驗也能立刻看破出題者所設的文法陷阱！', 2020, 'A24', 'T05', 'P21', 'C03'),
('9789869616102', '全新制20次多益滿分的怪物講師TOEIC', 20, '「考試怪物」特別為不同程度考生打造的「學習計畫」！', 2020, 'A21', NULL, 'P19', 'C03'),
('9789869707275', '佛王誓約：虛空法心意伏藏甚深耳傳極樂淨土', 20, '南無西方極樂世界三十六萬億一十一萬九千五百同名同號阿彌陀佛——《寶王論》', 2020, 'A54', NULL, 'P41', 'C07'),
('9789869753401', '心流：高手都在研究的最優體驗心理學（繁體', 20, '出版三十年暢銷不墜，+C51啟發《刻意練習》、《異數》與《深度工作力》等著作的心理學經典。「羅輯思維」、「得到App」萬為綱老師：「過去三十年最引人入勝的心理學概念。」', 2020, 'A43', 'T15', 'P34', 'C05'),
('9789869786102', '師者【第壹冊】', 20, '「我一直覺得這個世界之所以幸福美麗，那是因為它曾經出現過幾位影響著後世無數舉足輕重的人。」作者王薀老師與我們同處在這樣的時代，在他的成長過程中，遇見了許多良師益友，以獨有的心法，在浩瀚書海中涵泳，將書', 2019, 'A01', NULL, 'P01', 'C01'),
('9789869786126', '楞嚴經蠡測【第壹冊】', 20, '「自從一讀楞嚴後，不看人間糟粕書。」在佛教的歷史上，《楞嚴經》無以倫比的殊勝，一直都被歷來的祖師大德們所推崇。', 2020, 'A01', NULL, 'P01', 'C07'),
('9789869818896', '陪你去看蘇東坡', 20, '歷經三十年，飛行數十萬公里 一位 #蘇東坡迷妹 貼近詞人一生行跡的聖地巡禮 #亞洲一流蘇學女專家 穿越時空的追星遊記', 2020, 'A13', NULL, 'P12', 'C02'),
('9789869854818', '希塔療癒：世界最強的能量療法 Theta', 20, '讓身心進入希塔波狀態，結合大地的能量，以無條件的愛清理內在負面情緒、改造潛意識，進以接收生命的豐盛，讓生活中的所有美好都能心想事成。', 2020, 'A60', 'T28', 'P40', 'C07'),
('9789869854825', '海奧華預言：第九級星球的九日旅程‧奇幻不', 20, '成書三十餘年、出版十五種語言，暢銷世界多國！全新完整中文翻譯，全球華人期待！', 2020, 'A53', 'T22', 'P40', 'C07'),
('9789869862172', '沒有愛的世界 愛なき世界', 20, '史上第一本以植物學研究生為主角的小說，就算你認識的「植物」只有餐桌上的那幾種，也會因為這本書愛上植物的世界', 2020, 'A17', 'T02', 'P16', 'C02'),
('9789869865883', '都市傳說第二部12（完結篇）：禁后', 20, '都市傳說第二部12最終完結篇《禁后》告訴妳真名的這一刻。', 2020, 'A14', NULL, 'P13', 'C02'),
('9789869866255', '通往世界的植物：臺灣高山植物的時空旅史W', 20, '第一部臺灣高山植物自然溯源史', 2020, 'A42', NULL, 'P33', 'C05'),
('9789869867108', '走出一條不平凡的領導之路：黑幼龍是如何做', 20, '如何成為一個有人願意追隨的優秀領導人？家庭、職場、人際關係，都需要的「領導力」，帶你邁向職涯與人生的卓越！', 2020, 'A34', NULL, 'P27', 'C04'),
('9789869887120', '終於，還是愛了', 20, '這是一冊愛與情的備忘錄。她説的豈止是她的故事。那，是眾人', 2020, 'A12', NULL, 'P12', 'C02');

-- --------------------------------------------------------

--
-- 資料表結構 `borrow_t`
--

CREATE TABLE `borrow_t` (
  `BID` varchar(15) NOT NULL COMMENT '書籍編號',
  `MID` varchar(15) NOT NULL COMMENT '會員帳號',
  `Borrow_D` date NOT NULL COMMENT '借閱日期',
  `Due_D` date NOT NULL COMMENT '到期日期',
  `Renew_t` int(1) NOT NULL DEFAULT 0 COMMENT '續借次數',
  `Rating` int(1) DEFAULT NULL COMMENT '讀者評價',
  `status` enum('未歸還','已歸還','','') NOT NULL DEFAULT '未歸還'
) ENGINE=InnoDB DEFAULT CHARSET=utf8;

--
-- 傾印資料表的資料 `borrow_t`
--

INSERT INTO `borrow_t` (`BID`, `MID`, `Borrow_D`, `Due_D`, `Renew_t`, `Rating`, `status`) VALUES
('9789578787292', 'admin', '2020-06-04', '2020-06-19', 0, 5, '已歸還'),
('9789864762729', 'root', '2020-06-04', '2020-06-19', 0, 0, '未歸還'),
('9789864793778', 'admin', '2020-06-04', '2020-06-19', 1, 0, '未歸還');

-- --------------------------------------------------------

--
-- 資料表結構 `category_t`
--

CREATE TABLE `category_t` (
  `CID` varchar(3) NOT NULL COMMENT '分類編號',
  `Cname` varchar(5) NOT NULL COMMENT '分類名稱'
) ENGINE=InnoDB DEFAULT CHARSET=utf8;

--
-- 傾印資料表的資料 `category_t`
--

INSERT INTO `category_t` (`CID`, `Cname`) VALUES
('C01', '人文'),
('C02', '文學'),
('C03', '語言'),
('C04', '財金'),
('C05', '科學'),
('C06', '電腦'),
('C07', '宗教'),
('C08', '醫藥'),
('C09', '藝術'),
('C10', '休閒'),
('C11', '考試'),
('C12', '政府');

-- --------------------------------------------------------

--
-- 資料表結構 `favbook_t`
--

CREATE TABLE `favbook_t` (
  `BID` varchar(15) NOT NULL COMMENT '書籍ISBN',
  `MID` varchar(15) NOT NULL COMMENT '會員帳號'
) ENGINE=InnoDB DEFAULT CHARSET=utf8;

--
-- 傾印資料表的資料 `favbook_t`
--

INSERT INTO `favbook_t` (`BID`, `MID`) VALUES
('9789863477310', 'root');

-- --------------------------------------------------------

--
-- 資料表結構 `favcategory_t`
--

CREATE TABLE `favcategory_t` (
  `CID` varchar(3) NOT NULL COMMENT '分類編號',
  `MID` varchar(15) NOT NULL COMMENT '會員帳號'
) ENGINE=InnoDB DEFAULT CHARSET=utf8;

--
-- 傾印資料表的資料 `favcategory_t`
--

INSERT INTO `favcategory_t` (`CID`, `MID`) VALUES
('C01', 'admin'),
('C02', 'admin'),
('C03', 'admin');

-- --------------------------------------------------------

--
-- 資料表結構 `member_t`
--

CREATE TABLE `member_t` (
  `MID` varchar(15) NOT NULL COMMENT '會員帳號',
  `Mname` varchar(10) NOT NULL COMMENT '會員姓名',
  `Mpsw` varchar(20) NOT NULL COMMENT '會員密碼',
  `Mbq` int(11) NOT NULL DEFAULT 5 COMMENT '借書額度',
  `type` enum('member','administrator','','') NOT NULL DEFAULT 'member'
) ENGINE=InnoDB DEFAULT CHARSET=utf8;

--
-- 傾印資料表的資料 `member_t`
--

INSERT INTO `member_t` (`MID`, `Mname`, `Mpsw`, `Mbq`, `type`) VALUES
('admin', 'admin', '1234', 9, 'administrator'),
('root', 'root', '1234', 10, 'member');

-- --------------------------------------------------------

--
-- 資料表結構 `publisher_t`
--

CREATE TABLE `publisher_t` (
  `PID` varchar(3) NOT NULL COMMENT '出版社編號',
  `PName` char(20) NOT NULL COMMENT '出版社名稱'
) ENGINE=InnoDB DEFAULT CHARSET=utf8;

--
-- 傾印資料表的資料 `publisher_t`
--

INSERT INTO `publisher_t` (`PID`, `PName`) VALUES
('P01', '善聞文化創意有限公司'),
('P02', '采實文化'),
('P03', '平安文化'),
('P04', '麥田'),
('P05', '先覺'),
('P06', '大是文化'),
('P07', '八旗文化'),
('P08', '印刻'),
('P09', '野人'),
('P10', '皇冠'),
('P11', '天下文化'),
('P12', '有鹿文化'),
('P13', '奇幻基地'),
('P14', '三采'),
('P15', '悅知文化'),
('P16', '新經典文化 '),
('P17', '國際學村'),
('P18', '眾文'),
('P19', '不求人文化'),
('P20', 'EZ叢書館'),
('P21', '語研學院'),
('P22', '方智'),
('P23', '商周出版'),
('P24', '高寶'),
('P25', '遠流'),
('P26', '商業周刊'),
('P27', '發光體'),
('P28', '木馬文化'),
('P29', '美藝學苑社'),
('P30', '八方'),
('P31', '小天下'),
('P32', '麥浩斯'),
('P33', '春山出版'),
('P34', '行路'),
('P35', '臉譜'),
('P36', '深智數位'),
('P37', '歐萊禮'),
('P38', '碁峰'),
('P39', '旗標'),
('P40', '橡樹林'),
('P41', '法藏文化'),
('P42', '積木'),
('P43', '新星球');

-- --------------------------------------------------------

--
-- 資料表結構 `translator_t`
--

CREATE TABLE `translator_t` (
  `TID` varchar(5) NOT NULL COMMENT '譯者編號',
  `TName` char(20) NOT NULL COMMENT '譯者姓名'
) ENGINE=InnoDB DEFAULT CHARSET=utf8;

--
-- 傾印資料表的資料 `translator_t`
--

INSERT INTO `translator_t` (`TID`, `TName`) VALUES
('T01', '郭騰堅'),
('T02', '劉子倩'),
('T03', '許竹瑩'),
('T04', '劉徽'),
('T05', '程麗娟'),
('T06', '蔡世偉'),
('T07', '林慈敏'),
('T08', 'MTS 翻譯團隊'),
('T09', '潔絲文'),
('T10', '李振昌'),
('T11', '吳芠'),
('T12', '黃佳瑜'),
('T13', '林倩伃'),
('T14', '林惠嘉'),
('T15', '張瓊懿'),
('T16', '王年愷'),
('T17', '賴屹民'),
('T18', '陳彩華'),
('T19', '胡豐榮'),
('T20', '許郁文'),
('T21', ' H&C'),
('T22', '張嘉怡'),
('T23', '胡因夢'),
('T24', '溫家盈'),
('T25', '宋易'),
('T26', '邱文心'),
('T27', '心心'),
('T28', '安老師（陳育齡）'),
('T29', '賴隆彥');

--
-- 已傾印資料表的索引
--

--
-- 資料表索引 `author_t`
--
ALTER TABLE `author_t`
  ADD PRIMARY KEY (`AID`);

--
-- 資料表索引 `book_t`
--
ALTER TABLE `book_t`
  ADD PRIMARY KEY (`BID`),
  ADD KEY `CID` (`CID`),
  ADD KEY `PID` (`PID`),
  ADD KEY `TID` (`TID`),
  ADD KEY `AID` (`AID`);

--
-- 資料表索引 `borrow_t`
--
ALTER TABLE `borrow_t`
  ADD PRIMARY KEY (`BID`,`MID`),
  ADD KEY `MID` (`MID`);

--
-- 資料表索引 `category_t`
--
ALTER TABLE `category_t`
  ADD PRIMARY KEY (`CID`);

--
-- 資料表索引 `favbook_t`
--
ALTER TABLE `favbook_t`
  ADD PRIMARY KEY (`BID`,`MID`),
  ADD KEY `MID` (`MID`);

--
-- 資料表索引 `favcategory_t`
--
ALTER TABLE `favcategory_t`
  ADD PRIMARY KEY (`CID`,`MID`),
  ADD KEY `favcategory_t_ibfk_2` (`MID`);

--
-- 資料表索引 `member_t`
--
ALTER TABLE `member_t`
  ADD PRIMARY KEY (`MID`);

--
-- 資料表索引 `publisher_t`
--
ALTER TABLE `publisher_t`
  ADD PRIMARY KEY (`PID`);

--
-- 資料表索引 `translator_t`
--
ALTER TABLE `translator_t`
  ADD PRIMARY KEY (`TID`);

--
-- 已傾印資料表的限制式
--

--
-- 資料表的限制式 `book_t`
--
ALTER TABLE `book_t`
  ADD CONSTRAINT `book_t_ibfk_1` FOREIGN KEY (`CID`) REFERENCES `category_t` (`CID`) ON DELETE CASCADE ON UPDATE CASCADE,
  ADD CONSTRAINT `book_t_ibfk_2` FOREIGN KEY (`PID`) REFERENCES `publisher_t` (`PID`) ON DELETE CASCADE ON UPDATE CASCADE,
  ADD CONSTRAINT `book_t_ibfk_3` FOREIGN KEY (`TID`) REFERENCES `translator_t` (`TID`) ON DELETE CASCADE ON UPDATE CASCADE,
  ADD CONSTRAINT `book_t_ibfk_4` FOREIGN KEY (`AID`) REFERENCES `author_t` (`AID`) ON DELETE CASCADE ON UPDATE CASCADE;

--
-- 資料表的限制式 `borrow_t`
--
ALTER TABLE `borrow_t`
  ADD CONSTRAINT `borrow_t_ibfk_1` FOREIGN KEY (`BID`) REFERENCES `book_t` (`BID`) ON DELETE CASCADE ON UPDATE CASCADE,
  ADD CONSTRAINT `borrow_t_ibfk_2` FOREIGN KEY (`MID`) REFERENCES `member_t` (`MID`) ON DELETE CASCADE ON UPDATE CASCADE;

--
-- 資料表的限制式 `favbook_t`
--
ALTER TABLE `favbook_t`
  ADD CONSTRAINT `favbook_t_ibfk_1` FOREIGN KEY (`BID`) REFERENCES `book_t` (`BID`) ON DELETE CASCADE ON UPDATE CASCADE,
  ADD CONSTRAINT `favbook_t_ibfk_2` FOREIGN KEY (`MID`) REFERENCES `member_t` (`MID`) ON DELETE CASCADE ON UPDATE CASCADE;

--
-- 資料表的限制式 `favcategory_t`
--
ALTER TABLE `favcategory_t`
  ADD CONSTRAINT `favcategory_t_ibfk_1` FOREIGN KEY (`CID`) REFERENCES `category_t` (`CID`) ON DELETE CASCADE ON UPDATE CASCADE,
  ADD CONSTRAINT `favcategory_t_ibfk_2` FOREIGN KEY (`MID`) REFERENCES `member_t` (`MID`) ON DELETE CASCADE ON UPDATE CASCADE;
COMMIT;

/*!40101 SET CHARACTER_SET_CLIENT=@OLD_CHARACTER_SET_CLIENT */;
/*!40101 SET CHARACTER_SET_RESULTS=@OLD_CHARACTER_SET_RESULTS */;
/*!40101 SET COLLATION_CONNECTION=@OLD_COLLATION_CONNECTION */;
